{
    "model": "Resnet18_cifar10",
    "dataset": "cifar10",
    "batch_size": 40,
    "max_nr_batches": 50,
    "attribution_methods": [
        "gradientshap",
        "deeplift",
        "lime",
        "saliency",
        "smoothgrad",
        "integrated_gradients",
        "guidedbackprop",
        "gray_image"
    ],
    "ensemble_methods": [
        "mean",
        "variance",
        "rbm",
        "flipped_rbm",
        "rbm_flip_detection"
    ],
    "attribution_processing": "filtering",
    "normalization": "min_max",
    "scoring_methods": [
        "insert",
        "delete",
        "irof"
    ],
    "scores_batch_size": 100,
    "package_size": 1,
    "irof_segments": 60,
    "irof_sigma": 4
}